File_name,Product_name,URL,Category,SubCategory,Website
PRODUCT_DeLonghi Dedica Style Espresso Coffee Machine15 Bar 1350W Ec685.R(Red) Ec685.M(Metal) Ec685.BK(Black)-Amazon_Delonghi,PRODUCT_DeLonghi Ec685.R Dedica Style Pump Espresso Coffee Machine 15 Bar Pressure1350 W (Red)-Amazon_Orient,https://www.amazon.in/dp/B06WD7Z8GD,Appliances,Delonghi,Amazon
PRODUCT_DeLonghi Dedica Style Espresso Coffee Machine15 Bar 1350W Ec685.R(Red) Ec685.M(Metal) Ec685.BK(Black)-Amazon_Delonghi,PRODUCT_DeLonghi Ec685.M Dedica Style Pump Espresso Coffee Machine 15 Bar Pressure1350 W (Metal)-Amazon_Orient,https://www.amazon.in/dp/B06WGTZ874,Appliances,Delonghi,Amazon
PRODUCT_DeLonghi Dedica Style Espresso Coffee Machine15 Bar 1350W Ec685.R(Red) Ec685.M(Metal) Ec685.BK(Black)-Amazon_Delonghi,PRODUCT_DeLonghi Ec685.BK Dedica Style Pump Espresso Coffee Machine 15 Bar Pressure1350 W (Black)-Amazon_Orient,https://www.amazon.in/dp/B06X3Z9MF3,Appliances,Delonghi,Amazon
PRODUCT_Delonghi Ecam22.110.Sb Magnifica Bean Coffee Machine 15 Bar Sliver Black-Amazon_Delonghi,PRODUCT_Delonghi Ecam22.110.Sb Magnifica Bean Coffee Machine 15 Bar Sliver Black-Amazon_Delonghi,https://www.amazon.in/dp/B00400OMUK,Appliances,Delonghi,Amazon
"PRODUCT_DeLonghi ECAM650.85 PrimaDonna Elite Automatic Coffee Machine 19 Bar (Metallic,Black)-Amazon_Delonghi","PRODUCT_DeLonghi ECAM650.85 PrimaDonna Elite Automatic Coffee Machine 19 Bar (Metallic,Black)-Amazon_Delonghi",https://www.amazon.in/dp/B07212NJ97,Appliances,Delonghi,Amazon
PRODUCT_Orient Electric Aura Neo 3L Instant Pro 3L Rapid Pro 5.9L Water Heater 3000W-Amazon_Orient,PRODUCT_Orient Electric Aura Neo 3L instant water heater 3000W 6.5 bar-Amazon_Orient,https://www.amazon.in/dp/B077BTLQ67,Appliances,Instant Water Heater,Amazon
PRODUCT_Orient Electric 1600 W and 2000 W Steam Iron with Weilburger Coated Silver-Amazon_Orient,PRODUCT_Orient Electric 1600 W Steam Iron with Weilburger Coated Silver-Amazon_Orient,https://www.amazon.in/dp/B0B7BRK9B1,Appliances,Steam Irons,Amazon
PRODUCT_Orient Electric 1600 W and 2000 W Steam Iron with Weilburger Coated Silver-Amazon_Orient,PRODUCT_Orient Electric 2000 W Steam Iron with Weilburger Coated Silver-Amazon_Orient,https://www.amazon.in/dp/B0B7B28LYC,Appliances,Steam Irons,Amazon
PRODUCT_Orient Electric 23 L Room Personal Air Cooler Grey Smartcool DX with Powerful Cooling-Flipkart_Orient,PRODUCT_Orient Electric 23 L Room Personal Air Cooler Grey Smartcool DX with Powerful Cooling-Flipkart_Orient,https://www.flipkart.com/product/p/itm?pid=AICGNJQSUSFXNFB4,Appliances,Air Cooler,Flipkart
PRODUCT_Orient Electric 500W Mixer grinder Kitchen Kraft 500 MGKK50B3 with 3 SS jars-Amazon_Orient,PRODUCT_Orient Electric 500W Mixer grinder Kitchen Kraft 500 MGKK50B3 with 3 SS jars-Amazon_Orient,https://www.amazon.in/dp/B01M3SYQ7P,Appliances,JMG Kitchen Appliances,Amazon
PRODUCT_Orient Electric 66 L CD6601H Desert Air Cooler White Brown Snowbreeze-Flipkart_Orient,PRODUCT_Orient Electric 66 L CD6601H Desert Air Cooler White Brown Snowbreeze-Flipkart_Orient,https://www.flipkart.com/product/p/itm?pid=AICFDPMBKYTHVYSB,Appliances,Air Cooler,Flipkart
PRODUCT_Orient Electric 750 W Mixer Grinder 3 jar MGSP75WB3 4 jarMGSP75B4-Amazon_Orient,PRODUCT_Orient Electric 750W Mixer grinder 750 MGSP75WB3 3 jar with 3 SS jars-Amazon_Orient,https://www.amazon.in/dp/B0B4DV1NV9,Appliances,JMG Kitchen Appliances,Amazon
PRODUCT_Orient Electric 750 W Mixer Grinder 3 jar MGSP75WB3 4 jarMGSP75B4-Amazon_Orient,PRODUCT_Orient Electric 750W Mixer Grinder 750 MGSP75B4 4 jar with 3 SS Jars-Amazon_Orient,https://www.amazon.in/dp/B0B6ZKKLP3,Appliances,JMG Kitchen Appliances,Amazon
PRODUCT_Orient Electric 750 W Mixer Grinder MGPM75C3 3 Jars Cherry-Flipkart_Orient,PRODUCT_Orient Electric 750 W Mixer Grinder MGPM75C3 3 Jars Cherry-Flipkart_Orient,https://www.flipkart.com/product/p/itm?pid=MIXGE7UU95SEZYNW,Appliances,JMG Kitchen Appliances,Flipkart
PRODUCT_Orient Electric Aeroquid 46 L Room Personal Air Cooler White-Flipkart_Orient,PRODUCT_Orient Electric Aeroquid 46 L Room Personal Air Cooler White-Flipkart_Orient,https://www.flipkart.com/product/p/itm?pid=AICGWDEGVNDGTAPV,Appliances,Air Cooler,Flipkart
PRODUCT_Orient Electric Aquator plus IoT Storage Water heater 10L 6L 15L 25L-Amazon_Orient,PRODUCT_Orient Electric Aquator 15L storage water heater 5 star energy saving 8 bar-Amazon_Orient,https://www.amazon.in/dp/B0CD76FT4R,Appliances,Storage Water Heater,Amazon
PRODUCT_Orient Electric Aquator plus IoT Storage Water heater 10L 6L 15L 25L-Amazon_Orient,PRODUCT_Orient Electric Aquator 25L storage water heater 5 star  energy saving 8 bar-Amazon_Orient,https://www.amazon.in/dp/B0CD78GWZ1,Appliances,Storage Water Heater,Amazon
PRODUCT_Orient Electric Aquator plus IoT Storage Water heater 10L 6L 15L 25L-Amazon_Orient,PRODUCT_Orient Electric Aquator 10L storage water heater 5 star 8 bar-Amazon_Orient,https://www.amazon.in/dp/B0CD7638TN,Appliances,Storage Water Heater,Amazon
PRODUCT_Orient Electric Aquator plus IoT Storage Water heater 10L 6L 15L 25L-Amazon_Orient,PRODUCT_Orient Electric Aquator 6L storage water heater 5 star 8 bar-Amazon_Orient,https://www.amazon.in/dp/B0CD7BPRFM,Appliances,Storage Water Heater,Amazon
PRODUCT_Orient Electric Aquator plus IoT Storage Water heater 10L 6L 15L 25L-Amazon_Orient,PRODUCT_Orient Electric Aquator Iot15 liters storage wall water heater 8 bar-Amazon_Orient,https://www.amazon.in/dp/B0CG122TVM,Appliances,Storage Water Heater,Amazon
PRODUCT_Orient Electric Aquator plus IoT Storage Water heater 10L 6L 15L 25L-Amazon_Orient,PRODUCT_Orient Electric Aquator Iot15L storage water heaterIot enabled 8 bar-Amazon_Orient,https://www.amazon.in/dp/B0C8N35WLC,Appliances,Storage Water Heater,Amazon
PRODUCT_Orient Electric Aquator plus IoT Storage Water heater 10L 6L 15L 25L-Amazon_Orient,PRODUCT_Orient Electric Aquator Iot25L storage water heaterIot enabled 8 bar-Amazon_Orient,https://www.amazon.in/dp/B0CG1292V9,Appliances,Storage Water Heater,Amazon
PRODUCT_Orient Electric Aura Neo 3L Instant Pro 3L Rapid Pro 5.9L Water Heater 3000W-Amazon_Orient,PRODUCT_Orient Electric Aura rapid pro 5.9L instant water heate-Amazon_Orient,https://www.amazon.in/dp/B0C82PJH3S,Appliances,Instant Water Heater,Amazon
PRODUCT_Orient Electric Aura Neo 3L Instant Pro 3L Rapid Pro 5.9L Water Heater 3000W-Amazon_Orient,PRODUCT_Orient Electric Aura instant pro 3L instant water heater 3000W 6.5 bar-Amazon_Orient,https://www.amazon.in/dp/B0C82LKYGB,Appliances,Instant Water Heater,Amazon
PRODUCT_Orient Electric Chefspecial Grill Black-Flipkart_Orient,PRODUCT_Orient Electric Chefspecial Grill (Black)-Flipkart_Orient,https://www.flipkart.com/product/p/itm?pid=SWMGE79FTNPA9RQ3,Appliances,Others Kitchen Appliances,Flipkart
PRODUCT_Orient Electric CW5003B Desert Air Cooler 50L White-Amazon_Orient,PRODUCT_Orient Electric CW5003B Desert Air Cooler 50L White-Amazon_Orient,https://www.amazon.in/dp/B083ZDMWZ1,Appliances,Air Cooler,Amazon
PRODUCT_Orient Electric Desert Air Cooler CD8502H 90L 85L Snowbreeze Magnus Neo and Pro(White White Black)-Flipkart_Orient,PRODUCT_Orient Electric 85 L Desert Air Cooler 85CD8502H White Black-Flipkart_Orient,https://www.flipkart.com/product/p/itm?pid=AICGF8KFFAPSZJES,Appliances,Air Cooler,Flipkart
PRODUCT_Orient Electric Desert Air Cooler CD8502H 90L 85L Snowbreeze Magnus Neo and Pro(White White Black)-Flipkart_Orient,PRODUCT_Orient Electric 90 L Desert Air Cooler (White Snowbreeze Pro desert coolers)-Flipkart_Orient,https://www.flipkart.com/product/p/itm?pid=AICGWFW6ZCMBTVYG,Appliances,Air Cooler,Flipkart
PRODUCT_Orient Electric Dry Iron Fabripress DIFP10BP FabriSmooth DIFS10WGP1000W Panache Plus DIPCP11LP 1100W-Flipkart_Orient,PRODUCT_Orient Electric Fabripress DIFP10BP 1000 W Dry Iron (Grey Green)-Flipkart_Orient,https://www.flipkart.com/product/p/itm?pid=IRNEVTESQWWGWZZG,Appliances,Dry Irons,Flipkart
PRODUCT_Orient Electric Dry Iron Fabripress DIFP10BP FabriSmooth DIFS10WGP1000W Panache Plus DIPCP11LP 1100W-Flipkart_Orient,PRODUCT_Orient Electric Panache Plus DIPCP11LP 1100 W Dry Iron (White Purple)-Flipkart_Orient,https://www.flipkart.com/product/p/itm?pid=IRNGDYFHVZJJVXGK,Appliances,Dry Irons,Flipkart
PRODUCT_Orient Electric Dry Iron Fabripress DIFP10BP FabriSmooth DIFS10WGP1000W Panache Plus DIPCP11LP 1100W-Flipkart_Orient,PRODUCT_Orient Electric FabriSmooth DIFS10WGP 1000 W Dry Iron (White Golden)-Flipkart_Orient,https://www.flipkart.com/product/p/itm?pid=IRNGEYDTGHPPDDVM,Appliances,Dry Irons,Flipkart
PRODUCT_Orient Electric Durachill 40L Air Coolers with Densest honeycomb pads (White Grey)-Amazon_Orient,PRODUCT_Orient Electric Durachill 40L Air Coolers with Densest honeycomb pads (White Grey)-Amazon_Orient,https://www.amazon.in/dp/B0CSFS1DPP,Appliances,Air Cooler,Amazon
PRODUCT_Orient Electric Enamour Classic Neo water heater 15L 10L 25L 5 star 8 bar pressure White-Amazon_Orient,PRODUCT_Orient Electric Enamour classic neo25L storage water heaterUltra 8 bar-Amazon_Orient,https://www.amazon.in/dp/B0C81T5KPW,Appliances,Storage Water Heater,Amazon
PRODUCT_Orient Electric Enamour Classic Neo water heater 15L 10L 25L 5 star 8 bar pressure White-Amazon_Orient,PRODUCT_Orient Electric Enamour classic neo15L storage water heaterUltra 8 bar-Amazon_Orient,https://www.amazon.in/dp/B0C81V8G64,Appliances,Storage Water Heater,Amazon
PRODUCT_Orient Electric Enamour Classic Neo water heater 15L 10L 25L 5 star 8 bar pressure White-Amazon_Orient,PRODUCT_Orient Electric Enamour classic neo10L storage water heaterUltra 8 bar-Amazon_Orient,https://www.amazon.in/dp/B0C81SXVH5,Appliances,Storage Water Heater,Amazon
PRODUCT_Orient Electric Enamour Classic Neo water heater 15L 10L 25L 5 star 8 bar pressure White-Amazon_Orient,PRODUCT_Orient Electric 25L Storage Glassline Wall Water Heater(Geyser) White-Amazon_Orient,https://www.amazon.in/dp/B0B74N65K2,Appliances,Storage Water Heater,Amazon
PRODUCT_Orient Electric Enamour classic pro 15L 10L 25L  Water heater 8 bar pressure-Amazon_Orient,PRODUCT_Orient Electric Enamour classic pro 25L water heaterHPE technology 8 bar-Amazon_Orient,https://www.amazon.in/dp/B0C81TZSTR,Appliances,Storage Water Heater,Amazon
PRODUCT_Orient Electric Enamour classic pro 15L 10L 25L  Water heater 8 bar pressure-Amazon_Orient,PRODUCT_Orient Electric Enamour classic pro 15L water heaterHPE technology 8 bar-Amazon_Orient,https://www.amazon.in/dp/B0C81SZTSF,Appliances,Storage Water Heater,Amazon
PRODUCT_Orient Electric Enamour classic pro 15L 10L 25L  Water heater 8 bar pressure-Amazon_Orient,PRODUCT_Orient Electric Enamour classic pro 10L water heaterHPE technology 8 bar-Amazon_Orient,https://www.amazon.in/dp/B0C81WKZQD,Appliances,Storage Water Heater,Amazon
PRODUCT_Orient Electric Enamour Prime 15L 10L 25L Water Heater (White Grey)-Amazon_Orient,PRODUCT_Orient Electric Enamour Prime 15L Glassline Storage Water Heater (Geyser) (White & Grey)-Amazon_Orient,https://www.amazon.in/dp/B0B45M3DHV,Appliances,Storage Water Heater,Amazon
PRODUCT_Orient Electric Enamour Prime 15L 10L 25L Water Heater (White Grey)-Amazon_Orient,PRODUCT_Orient Electric Enamour Prime 25L Glassline Storage Water Heater(Geyser)(White & Grey)-Amazon_Orient,https://www.amazon.in/dp/B0B45N4957,Appliances,Water Heater,Amazon
PRODUCT_Orient Electric Enamour Prime 15L 10L 25L Water Heater (White Grey)-Amazon_Orient,PRODUCT_Orient Electric Enamour Prime 10L Glassline Storage Water Heater(Geyser)(White & Grey)-Amazon_Orient,https://www.amazon.in/dp/B0B45LRZKD,Appliances,Water Heater,Amazon
PRODUCT_Orient Electric Enduro and Fabrimate 1000 W Dry Iron Silver Grey-Amazon_Orient,PRODUCT_Orient Electric Enduro 1000 Watt Dry Iron (Grey)-Amazon_Orient,https://www.amazon.in/dp/B01HY076ZU,Appliances,Dry Irons,Amazon
PRODUCT_Orient Electric Enduro and Fabrimate 1000 W Dry Iron Silver Grey-Amazon_Orient,PRODUCT_Orient Electric Fabrimate 1000 Watt Premium Dry Iron-Amazon_Orient,https://www.amazon.in/dp/B01HXZYKQE,Appliances,Dry Irons,Amazon
PRODUCT_Orient Electric Fabrifeel Steam Iron 1600 W SIFF16WBP 1200 W SIFF20WGP(White Blue White Green)-Flipkart_Orient,PRODUCT_Orient Electric Fabrifeel SIFF16WBP 1600 W Steam Iron (White Blue)-Flipkart_Orient,https://www.flipkart.com/product/p/itm?pid=IRNGEYDFWT4JXJEB,Appliances,Steam Irons,Flipkart
PRODUCT_Orient Electric Fabrifeel Steam Iron 1600 W SIFF16WBP 1200 W SIFF20WGP(White Blue White Green)-Flipkart_Orient,PRODUCT_Orient Electric Fabrifeel SIFF20WGP 2000 W Steam Iron (White Green)-Flipkart_Orient,https://www.flipkart.com/product/p/itm?pid=IRNGEYDFD6KERT2G,Appliances,Steam Irons,Flipkart
PRODUCT_Orient Electric Fabrismooth Fabrijoy 1000 Watt Dry Iron Silver-Amazon_Orient,PRODUCT_Orient Electric Fabrismooth 1000 Watt Dry Iron-Amazon_Orient,https://www.amazon.in/dp/B0BDS2S7PY,Appliances,Dry Irons,Amazon
PRODUCT_Orient Electric Fabrismooth Fabrijoy 1000 Watt Dry Iron Silver-Amazon_Orient,PRODUCT_Orient Electric Fabrijoy 1000 Watt Dry Iron-Amazon_Orient,https://www.amazon.in/dp/B01MY839VW,Appliances,Dry Irons,Amazon
PRODUCT_Orient Electric FineBlend  500 W Mixer Grinder MGFB50BB3 3 Jars Blue and Black-Flipkart_Orient,PRODUCT_Orient Electric FineBlend  500 W Mixer Grinder MGFB50BB3 3 Jars Blue and Black-Flipkart_Orient,https://www.flipkart.com/product/p/itm?pid=MIXGE7UUKHWBGY2B,Appliances,JMG Kitchen Appliances,Flipkart
PRODUCT_Orient Electric Kitchen Genie 750W Grinder with 11 Accessories White-Amazon_Orient,PRODUCT_Orient Electric Chefspecial Kitchen Genie 750W Dry Grinding Jar White-Amazon_Orient,https://www.amazon.in/dp/B0B7HR14XW,Appliances,JMG Kitchen Appliances,Amazon
PRODUCT_Orient Electric Smartchill 125L RoomPersonal Air Cooler (White)-Flipkart_Orient,PRODUCT_Orient Electric Smartchill 125L RoomPersonal Air Cooler (White)-Flipkart_Orient,https://www.flipkart.com/product/p/itm?pid=AICGWDGRUGZEZ2BX,Appliances,Air Cooler,Flipkart
PRODUCT_Orient Electric Snowbreeze Pro 105 L Desert Air Cooler (White Grey)-Flipkart_Orient,PRODUCT_Orient Electric Snowbreeze Pro 105 L Desert Air Cooler (White Grey)-Flipkart_Orient,https://www.flipkart.com/product/p/itm?pid=AICGXHTTRZNXQV72,Appliances,Air Cooler,Flipkart
PRODUCT_Orient Electric Superchill 100L Desert Air Coolers with Densenest honeycomb pads (White Grey)-Amazon_Orient,PRODUCT_Orient Electric Superchill 100L Desert Air Coolers with Densenest honeycomb pads (White & Grey)-Amazon_Orient,https://www.amazon.in/dp/B0CSFTZHVF,Appliances,Air Cooler,Amazon
PRODUCT_Orient Electric Tornado Desert Air Cooler 52L 65L 3650mch High air delivery (Dark Grey)-Amazon_Orient,PRODUCT_Orient Electric Tornado 52L Desert Air Cooler 3650 mch (Dark Grey)-Amazon_Orient,https://www.amazon.in/dp/B0CR45B1SH,Appliances,Air Cooler,Amazon
PRODUCT_Orient Electric Tornado Desert Air Cooler 52L 65L 3650mch High air delivery (Dark Grey)-Amazon_Orient,PRODUCT_Orient Electric Tornado 65L Desert Air Cooler 3650 mch(Dark Grey)-Amazon_Orient,https://www.amazon.in/dp/B0CR46YQRF,Appliances,Air Cooler,Amazon
PRODUCT_Orient Electric Ultimate 1000 Watt Dry Iron DuPont American Heritage Coated Silver-Amazon_Orient,PRODUCT_Orient Electric Ultimate 1000 Watt Dry Iron DuPont American Heritage Coated Silver-Amazon_Orient,https://www.amazon.in/dp/B091CXQ7R1,Appliances,Dry Irons,Amazon
PRODUCT_Orient Electric Ultimo 88l 65l 50l Desert Air Cooler with Densenest Honeycomb pads (Grey And Orange Grey)-Amazon_Orient,PRODUCT_Orient Electric Ultimo 50L Desert Air Cooler with Densenest Honeycomb pads (Grey and Orange)-Amazon_Orient,https://www.amazon.in/dp/B07MZZDY6T,Appliances,Air Cooler,Amazon
PRODUCT_Orient Electric Ultimo 88l 65l 50l Desert Air Cooler with Densenest Honeycomb pads (Grey And Orange Grey)-Amazon_Orient,PRODUCT_Orient Electric Electric Ultimo 65L Desert Air Cooler with Densenest Honeycomb pads (Grey)-Amazon_Orient,https://www.amazon.in/dp/B07N14BD7Y,Appliances,Air Cooler,Amazon
PRODUCT_Orient Electric Ultimo 88l 65l 50l Desert Air Cooler with Densenest Honeycomb pads (Grey And Orange Grey)-Amazon_Orient,PRODUCT_Orient Electric Electric Ultimo 88L Desert Air Cooler with Densenest Honeycomb pads (Grey and Orange)-Amazon_Orient,https://www.amazon.in/dp/B0B886KXG6,Appliances,Air Cooler,Amazon
PRODUCT_Orient Electric 100 MM Smart Air Exhaust Ventilator Fan White-Amazon_Orient,PRODUCT_Orient Electric 100 MM Smart Air Exhaust Ventilator Fan(White)-Amazon_Orient,https://www.amazon.in/dp/B07P91J2CP,Fans,Exhaust,Amazon
PRODUCT_Orient Electric 1200mm Hector Deco BLDC Ceiling Fan(Royal Manioca Brown Smoke Brown White)-Amazon_Orient,PRODUCT_Orient Electric 1200 mm Hector Deco BLDC Ceiling Fan Brown-Amazon_Orient,https://www.amazon.in/dp/B0BX9MS72P,Fans,Ceiling,Amazon
PRODUCT_Orient Electric 1200mm Hector Deco BLDC Ceiling Fan(Royal Manioca Brown Smoke Brown White)-Amazon_Orient,PRODUCT_Orient Electric 1200 mm Hector Deco BLDC Ceiling Fan White-Amazon_Orient,https://www.amazon.in/dp/B0BX9N4RW7,Fans,Ceiling,Amazon
PRODUCT_Orient Electric 1200mm Hector Deco BLDC Ceiling Fan(Royal Manioca Brown Smoke Brown White)-Amazon_Orient,PRODUCT_Orient Electric 1200 mm Hector Deco BLDC Ceiling Fan Royal Manioca -Amazon_Orient,https://www.amazon.in/dp/B0BX9PVY92,Fans,Ceiling,Amazon
PRODUCT_Orient Electric 1200mm Hector Deco BLDC Ceiling Fan(Royal Manioca Brown Smoke Brown White)-Amazon_Orient,PRODUCT_Orient Electric 1200 mm Hector Deco BLDC Ceiling Fan Smoke Brown -Amazon_Orient,https://www.amazon.in/dp/B0BX9Q6XPD,Fans,Ceiling,Amazon
PRODUCT_Orient Electric 1200mm I Tome Intelligent BLDC Ceiling Fan Brown White-Amazon_Orient,PRODUCT_Orient Electric I Tome Intelligent BLDC Ceiling Fan(1200mm 26W Brown)-Amazon_Orient,https://www.amazon.in/dp/B08XZ43TXS,Fans,Ceiling,Amazon
PRODUCT_Orient Electric 1200mm I Tome Intelligent BLDC Ceiling Fan Brown White-Amazon_Orient,PRODUCT_Orient Electric I Tome Intelligent BLDC Ceiling Fan(1200mm 26W White)-Amazon_Orient,https://www.amazon.in/dp/B08XZ1NDNC,Fans,Ceiling,Amazon
PRODUCT_Orient Electric 1200mm Jazz BLDC Ceiling Fan (Rose Grey Brown White Royal Manioca)-Amazon_Orient,PRODUCT_Orient Electric 1200 mm Jazz BLDC Ceiling Fan Orbes White -Amazon_Orient,https://www.amazon.in/dp/B0BX9QH6QQ,Fans,Ceiling,Amazon
PRODUCT_Orient Electric 1200mm Jazz BLDC Ceiling Fan (Rose Grey Brown White Royal Manioca)-Amazon_Orient,PRODUCT_Orient Electric 1200 mm Jazz BLDC Ceiling Fan Daytone Grey -Amazon_Orient,https://www.amazon.in/dp/B0BX9RRH53,Fans,Ceiling,Amazon
PRODUCT_Orient Electric 1200mm Jazz BLDC Ceiling Fan (Rose Grey Brown White Royal Manioca)-Amazon_Orient,PRODUCT_Orient Electric 1200 mm Jazz BLDC Ceiling Fan Ash Rose -Amazon_Orient,https://www.amazon.in/dp/B0BX9PGMKB,Fans,Ceiling,Amazon
PRODUCT_Orient Electric 1200mm Jazz BLDC Ceiling Fan (Rose Grey Brown White Royal Manioca)-Amazon_Orient,PRODUCT_Orient Electric 1200 mm Jazz BLDC Ceiling Fan Royal Manioca -Amazon_Orient,https://www.amazon.in/dp/B0BX9PH1CJ,Fans,Ceiling,Amazon
PRODUCT_Orient Electric 1200mm Jazz BLDC Ceiling Fan (Rose Grey Brown White Royal Manioca)-Amazon_Orient,PRODUCT_Orient Electric 1200 mm Jazz BLDC Ceiling Fan Smoke Brown -Amazon_Orient,https://www.amazon.in/dp/B0BX9NR2FG,Fans,Ceiling,Amazon
PRODUCT_Orient Electric 1200mm Zeno BLDC Ceiling Fan BEE 5-star rated(White Brown)-Amazon_Orient,PRODUCT_Orient Electric 1200 mm Zeno Ceiling Fan BEE 5-star rated White -Amazon_Orient,https://www.amazon.in/dp/B0CHRKX49F,Fans,Ceiling,Amazon
PRODUCT_Orient Electric 1200mm Zeno BLDC Ceiling Fan BEE 5-star rated(White Brown)-Amazon_Orient,PRODUCT_Orient Electric 1200 mm Zeno Ceiling Fan BEE 5-star rated Brown -Amazon_Orient,https://www.amazon.in/dp/B0CHRJ5QQY,Fans,Ceiling,Amazon
PRODUCT_Orient Electric 400 mm Desk 25 400 mm Silent Operation 3 Blade Table Fan AZU Blue-Flipkart_Orient,PRODUCT_Orient Electric 400 mm Desk 25 400 mm Silent Operation 3 Blade Table Fan AZU Blue-Flipkart_Orient,https://www.flipkart.com/product/p/itm?pid=FANEFMRK8HVEKAEU,Fans,Table,Flipkart
PRODUCT_Orient Electric 43 400 MM Wall Mounted Fan Crystal white-Amazon_Orient,PRODUCT_Orient Electric 43 400 MM Wall Mounted Fan Crystal white-Amazon_Orient,https://www.amazon.in/dp/B07PGYYJ41,Fans,Wall,Amazon
PRODUCT_Orient Electric 44 47 Trendz 400mm 3 Blade Wall Fan (Slate Grey Electric Blue)-Flipkart_Orient,PRODUCT_Orient Electric 47 Trendz 400 mm 3 Blade Wall Fan (Electric Blue)-Flipkart_Orient,https://www.flipkart.com/product/p/itm?pid=FANGGRBPEUKA4UJN,Fans,Wall,Flipkart
PRODUCT_Orient Electric 44 47 Trendz 400mm 3 Blade Wall Fan (Slate Grey Electric Blue)-Flipkart_Orient,PRODUCT_Orient Electric 44 Trendz 400 mm 3 Blade Wall Fan (Electric Blue)-Flipkart_Orient,https://www.flipkart.com/product/p/itm?pid=FANGGD4NBA9C7GBD,Fans,Wall,Flipkart
PRODUCT_Orient Electric 44 47 Trendz 400mm 3 Blade Wall Fan (Slate Grey Electric Blue)-Flipkart_Orient,PRODUCT_Orient Electric 47 Trendz 400 mm 3 Blade Wall Fan (Slate Grey)-Flipkart_Orient,https://www.flipkart.com/product/p/itm?pid=FANGGRBPXPB3SV7W,Fans,Wall,Flipkart
PRODUCT_Orient Electric 44 47 Trendz 400mm 3 Blade Wall Fan (Slate Grey Electric Blue)-Flipkart_Orient,PRODUCT_Orient Electric 44 Trendz 400 mm 3 Blade Wall Fan (Slate Grey)-Flipkart_Orient,https://www.flipkart.com/product/p/itm?pid=FANGGD4NFPZB4FFP,Fans,Wall,Flipkart
PRODUCT_Orient Electric 47 Trendz 400mm High Speed Wall Fan(Electric Blue Slate Grey)-Amazon_Orient,PRODUCT_Orient Electric 47 Trendz 400mm High Speed Wall Fan Electric Blue-Amazon_Orient,https://www.amazon.in/dp/B08FS7N65R,Fans,Wall,Amazon
PRODUCT_Orient Electric 47 Trendz 400mm High Speed Wall Fan(Electric Blue Slate Grey)-Amazon_Orient,PRODUCT_Orient Electric 47 Trendz 400mm High Speed Wall Fan Slate Grey-Amazon_Orient,https://www.amazon.in/dp/B07QV23FJ8,Fans,Wall,Amazon
PRODUCT_Orient Electric 600 MM New Air Plus 4 Blade Small Ceiling Fan 24inch (White I Brown)-Amazon_Orient,PRODUCT_Orient Electric 600 MM New Air Plus 4 Blade Small Ceiling Fan for Kitchen 24 Inch Fan White-Amazon_Orient,https://www.amazon.in/dp/B0BG5RB6WJ,Fans,Ceiling,Amazon
PRODUCT_Orient Electric 600 MM New Air Plus 4 Blade Small Ceiling Fan 24inch (White I Brown)-Amazon_Orient,PRODUCT_Orient Electric 600 MM New Air Plus 4 Blade Small Ceiling Fan for Kitchen 24 Inch Fan Brown-Amazon_Orient,https://www.amazon.in/dp/B0BG5SM4TQ,Fans,Ceiling,Amazon
PRODUCT_Orient Electric 600mm New Air Plus 4 Blade Small Ceiling Fan 24 Inch Ivory-Amazon_Orient,PRODUCT_Orient Electric 600mm New Air Plus 4 Blade Small Ceiling Fan 24 Inch Ivory-Amazon_Orient,https://www.amazon.in/dp/B0BG5SPH6V,Fans,Ceiling,Amazon
PRODUCT_Orient Electric Aeroquiet 1200mm Ceiling Fan (Roasted Coffee)-Amazon_Orient,PRODUCT_Orient Electric Aeroquiet 1200mm Ceiling Fan (Roasted Coffee)-Amazon_Orient,https://www.amazon.in/dp/B07XKTY62Y,Fans,Ceiling,Amazon
PRODUCT_Orient Electric Aeroquiet 1200mm Ceiling Fan Wooden Finish-Amazon_Orient,PRODUCT_Orient Electric Aeroquiet 1200mm Ceiling Fan Wooden Finish-Amazon_Orient,https://www.amazon.in/dp/B07M866286,Fans,Ceiling,Amazon
PRODUCT_Orient Electric Aeroquiet 1230 mm Anti Dust 3 Blade Ceiling Fan white-Flipkart_Orient,PRODUCT_Orient Electric Aeroquiet 1230 mm Anti Dust 3 Blade Ceiling Fan white-Flipkart_Orient,https://www.flipkart.com/product/p/itm?pid=FANERAX2TCAZQCDU,Fans,Ceiling,Flipkart
PRODUCT_Orient Electric Aeroquiet Noiseless Ceiling Fan 1200mm  1230mm (Caramel Gold Grey Brown White Coffee)-Amazon_Orient,PRODUCT_Orient Electric 1230 mm Aeroquiet Noiseless Ceiling Fan 48 inch(Roasted Coffee)-Amazon_Orient,https://www.amazon.in/dp/B07Q3GQ8MK,Fans,Ceiling,Amazon
PRODUCT_Orient Electric Aeroquiet Noiseless Ceiling Fan 1200mm  1230mm (Caramel Gold Grey Brown White Coffee)-Amazon_Orient,PRODUCT_Orient Electric 1230 mm Aeroquiet Noiseless Ceiling Fan 48 inch(White)-Amazon_Orient,https://www.amazon.in/dp/B06VVL3ZY3,Fans,Ceiling,Amazon
PRODUCT_Orient Electric Aeroquiet Noiseless Ceiling Fan 1200mm  1230mm (Caramel Gold Grey Brown White Coffee)-Amazon_Orient,PRODUCT_Orient Electric 1230 mm Aeroquiet Noiseless Ceiling Fan 48 inch(Wooden Finish)-Amazon_Orient,https://www.amazon.in/dp/B07CN8YL7W,Fans,Ceiling,Amazon
PRODUCT_Orient Electric Aeroquiet Noiseless Ceiling Fan 1200mm  1230mm (Caramel Gold Grey Brown White Coffee)-Amazon_Orient,PRODUCT_Orient Electric 1230 mm Aeroquiet Noiseless Premium Ceiling Fan 48 inch(Caramel)-Amazon_Orient,https://www.amazon.in/dp/B0046G53AQ,Fans,Ceiling,Amazon
PRODUCT_Orient Electric Aeroquiet Noiseless Ceiling Fan 1200mm  1230mm (Caramel Gold Grey Brown White Coffee)-Amazon_Orient,PRODUCT_Orient Electric 1200mm Aeroquiet Ceiling Fan(Mystic Gold)-Amazon_Orient,https://www.amazon.in/dp/B09XF8GZDY,Fans,Ceiling,Amazon
PRODUCT_Orient Electric Aeroquiet Noiseless Ceiling Fan 1200mm  1230mm (Caramel Gold Grey Brown White Coffee)-Amazon_Orient,PRODUCT_Orient Electric Aeroquiet Noiseless Ceiling Fan 48 inch(1230 mm)(Daytone Grey)-Amazon_Orient,https://www.amazon.in/dp/B0BG5SMHTW,Fans,Ceiling,Amazon
PRODUCT_Orient Electric Aeroquiet Noiseless Ceiling Fan 1200mm  1230mm (Caramel Gold Grey Brown White Coffee)-Amazon_Orient,PRODUCT_Orient Electric Aeroquiet Noiseless Ceiling Fan 48 inch(1230 mm)(Orbes White)-Amazon_Orient,https://www.amazon.in/dp/B0BG5TFNK6,Fans,Ceiling,Amazon
PRODUCT_Orient Electric Aeroquiet Noiseless Ceiling Fan 1200mm  1230mm (Caramel Gold Grey Brown White Coffee)-Amazon_Orient,PRODUCT_Orient Electric 1200 mm Aeroquiet BLDC Ceiling Fan White -Amazon_Orient,https://www.amazon.in/dp/B077K4GNVR,Fans,Ceiling,Amazon
PRODUCT_Orient Electric Aeroquiet Noiseless Ceiling Fan 1200mm  1230mm (Caramel Gold Grey Brown White Coffee)-Amazon_Orient,PRODUCT_Orient Electric 1200 mm Aeroquiet BLDC Ceiling Fan Caramel Brown -Amazon_Orient,https://www.amazon.in/dp/B077K3LBFD,Fans,Ceiling,Amazon
PRODUCT_Orient Electric Aeroslim 1200mm Ceiling Fan(Brown White Marble)-Flipkart_Orient,PRODUCT_Orient Electric Aeroslim 1200 mm Anti Dust 3 Blade Ceiling Fan (White Marble)-Flipkart_Orient,https://www.flipkart.com/product/p/itm?pid=FANFDFTQJ8TYX6ZA,Fans,Ceiling,Flipkart
PRODUCT_Orient Electric Aeroslim 1200mm Ceiling Fan(Brown White Marble)-Flipkart_Orient,PRODUCT_Orient Electric Aeroslim 1200 mm 3 Blade Ceiling Fan (Brown)-Flipkart_Orient,https://www.flipkart.com/product/p/itm?pid=FANFDFTQ7C3W4BYN,Fans,Ceiling,Flipkart
PRODUCT_Orient Electric Aeroslim BLDC Motor 1200mm Smart Ceiling Fan with IOT(Marble Brown Flame Gold White)-Amazon_Orient,PRODUCT_Orient Electric Aeroslim 1200mm BLDC motor Smart Ceiling Fan with IOT (Flame Gold)-Amazon_Orient,https://www.amazon.in/dp/B08FS7TR2X,Fans,Ceiling,Amazon
PRODUCT_Orient Electric Aeroslim BLDC Motor 1200mm Smart Ceiling Fan with IOT(Marble Brown Flame Gold White)-Amazon_Orient,PRODUCT_Orient Electric 1200mm Aeroslim Noiseless Smart Ceiling Fan with IOT (Marble White)-Amazon_Orient,https://www.amazon.in/dp/B07LFRQN48,Fans,Ceiling,Amazon
PRODUCT_Orient Electric Aeroslim BLDC Motor 1200mm Smart Ceiling Fan with IOT(Marble Brown Flame Gold White)-Amazon_Orient,PRODUCT_Orient Electric 1200mm Aeroslim Noiseless Smart Ceiling Fan (Brown)-Amazon_Orient,https://www.amazon.in/dp/B07LFQXDCG,Fans,Ceiling,Amazon
PRODUCT_Orient Electric Aeroslim BLDC Motor 1200mm Smart Ceiling Fan with IOT(Marble Brown Flame Gold White)-Amazon_Orient,PRODUCT_Orient Electric Aeroslim 1200mm Smart Premium Ceiling Fan (White)-Amazon_Orient,https://www.amazon.in/dp/B07MHMM7LW,Fans,Ceiling,Amazon
PRODUCT_Orient Electric Desk 26 Trendz 400mm Table Fan (Slate Grey Electric Blue)-Amazon_Orient,PRODUCT_Orient Electric Desk 26 Trendz 400mm Table Fan(Electric Blue)-Amazon_Orient,https://www.amazon.in/dp/B07QZGD36H,Fans,Table,Amazon
PRODUCT_Orient Electric Desk 26 Trendz 400mm Table Fan (Slate Grey Electric Blue)-Amazon_Orient,PRODUCT_Orient Electric Desk 26 Trendz 400mm High Speed Table Fan(Slate Grey)-Amazon_Orient,https://www.amazon.in/dp/B08FSF8P3P,Fans,Table,Amazon
PRODUCT_Orient Electric Electric ABS Premium Aeroquiet Orbes Fan (Checker Finish - 1200 MM)-Amazon_Orient,PRODUCT_Orient Electric 1200 MM ABS Premium Aeroquiet Orbes Fan Checker Finish-Amazon_Orient,https://www.amazon.in/dp/B07CN37CK3,Fans,Ceiling,Amazon
PRODUCT_Orient Electric Falcon Deco 1200mm BLDC Ceiling Fan(Smoke Brown White Brown)-Amazon_Orient,PRODUCT_Orient Electric 1200 mm I Falcon Deco BLDC Ceiling Fan Smoke Brown -Amazon_Orient,https://www.amazon.in/dp/B0BX9MXCLT,Fans,Ceiling,Amazon
PRODUCT_Orient Electric Falcon Deco 1200mm BLDC Ceiling Fan(Smoke Brown White Brown)-Amazon_Orient,PRODUCT_Orient Electric 1200 mm I Falcon Deco BLDC Ceiling Fan White -Amazon_Orient,https://www.amazon.in/dp/B0BX9QW5GH,Fans,Ceiling,Amazon
PRODUCT_Orient Electric Falcon Deco 1200mm BLDC Ceiling Fan(Smoke Brown White Brown)-Amazon_Orient,PRODUCT_Orient Electric 1200 mm I Falcon Deco BLDC Ceiling Fan Brown -Amazon_Orient,https://www.amazon.in/dp/B0BX9RGHFV,Fans,Ceiling,Amazon
PRODUCT_Orient Electric Hill Air 300mm 225mm Electric Exhaust Fan for Bathroom and Kitchen Dark Grey-Amazon_Orient,PRODUCT_Orient Electric Hill Air 225mm Electric Exhaust Fan for Bathroom and Kitchen (Dark Grey)-Amazon_Orient,https://www.amazon.in/dp/B01LZQKUSP,Fans,Exhaust,Amazon
PRODUCT_Orient Electric Hill Air 300mm 225mm Electric Exhaust Fan for Bathroom and Kitchen Dark Grey-Amazon_Orient,PRODUCT_Orient Electric Hill Air 300mm Electric Exhaust Fan for Bathroom and Kitchen (Dark Grey)-Amazon_Orient,https://www.amazon.in/dp/B08FTQRQT4,Fans,Exhaust,Amazon
PRODUCT_Orient Electric I Falcon 5 Star 1200mm BLDC Motor With Remote Ceiling Fan(Brown White)-Flipkart_Orient,PRODUCT_Orient Electric I Falcon 5 Star 1200 mm BLDC Motor Ceiling Fan (Brown)-Flipkart_Orient,https://www.flipkart.com/product/p/itm?pid=FANGPHMGGHNG3C5E,Fans,Ceiling,Flipkart
PRODUCT_Orient Electric I Falcon 5 Star 1200mm BLDC Motor With Remote Ceiling Fan(Brown White)-Flipkart_Orient,PRODUCT_Orient Electric I Falcon 5 Star 1200 mm BLDC Motor Ceiling Fan (White)-Flipkart_Orient,https://www.flipkart.com/product/p/itm?pid=FANGPHMGEYXNPRQA,Fans,Ceiling,Flipkart
PRODUCT_Orient Electric I Tome 1200mm BLDC 5 star 26W Ceiling Fan(Black Brown White Topaz Gold)-Amazon_Orient,PRODUCT_Orient Electric 1200 mm I Tome Remote BLDC BEE 5-star rated Ceiling Fan Black -Amazon_Orient,https://www.amazon.in/dp/B09WCT4TCT,Fans,Ceiling,Amazon
PRODUCT_Orient Electric I Tome 1200mm BLDC 5 star 26W Ceiling Fan(Black Brown White Topaz Gold)-Amazon_Orient,PRODUCT_Orient Electric 1200 mm I Tome Remote BLDC BEE 5-star rated Ceiling Fan Brown -Amazon_Orient,https://www.amazon.in/dp/B09BJFB2HC,Fans,Ceiling,Amazon
PRODUCT_Orient Electric I Tome 1200mm BLDC 5 star 26W Ceiling Fan(Black Brown White Topaz Gold)-Amazon_Orient,PRODUCT_Orient Electric 1200 mm I Tome Remote BLDC BEE 5-star rated Ceiling Fan White -Amazon_Orient,https://www.amazon.in/dp/B09BJG7BH6,Fans,Ceiling,Amazon
PRODUCT_Orient Electric I Tome 1200mm BLDC 5 star 26W Ceiling Fan(Black Brown White Topaz Gold)-Amazon_Orient,PRODUCT_Orient Electric 1200 mm I Tome Remote BLDC BEE 5-star rated Ceiling Fan Black -Amazon_Orient,https://www.amazon.in/dp/B09WD61LZX,Fans,Ceiling,Amazon
PRODUCT_Orient Electric I Tome 1200mm BLDC 5 star 26W Ceiling Fan(Black Brown White Topaz Gold)-Amazon_Orient,PRODUCT_Orient Electric 1200 mm I Tome Remote BLDC BEE 5-star rated remote Fan Wooden finish -Amazon_Orient,https://www.amazon.in/dp/B0B637TBWM,Fans,Ceiling,Amazon
PRODUCT_Orient Electric I Tome 1200mm BLDC 5 star 26W Ceiling Fan(Black Brown White Topaz Gold)-Amazon_Orient,PRODUCT_Orient Electric 1200 mm I Tome Remote BLDC BEE 5-star rated Ceiling Fan Black -Amazon_Orient,https://www.amazon.in/dp/B0C379KBFH,Fans,Ceiling,Amazon
PRODUCT_Orient Electric I Tome 1200mm BLDC 5 star 26W Ceiling Fan(Black Brown White Topaz Gold)-Amazon_Orient,PRODUCT_Orient Electric 1200 mm I Tome Remote BLDC BEE 5-star rated Ceiling Fan Topaz Gold-Amazon_Orient,https://www.amazon.in/dp/B09BJG5K8J,Fans,Ceiling,Amazon
PRODUCT_Orient Electric Laurel 1200 MM BEE Star Rated Ceiling Fan (Bronze Desert Brown Topaz Gold Chrome)-Amazon_Orient,PRODUCT_Orient Electric Laurel 1200 MM Ceiling Fan (Metallic Bronze)-Amazon_Orient,https://www.amazon.in/dp/B0BMLHJC8N,Fans,Ceiling,Amazon
PRODUCT_Orient Electric Laurel 1200 MM BEE Star Rated Ceiling Fan (Bronze Desert Brown Topaz Gold Chrome)-Amazon_Orient,PRODUCT_Orient Electric Laurel 1200 MM Ceiling Fan (Topaz Gold )-Amazon_Orient,https://www.amazon.in/dp/B0BMLGKVBG,Fans,Ceiling,Amazon
PRODUCT_Orient Electric Laurel 1200 MM BEE Star Rated Ceiling Fan (Bronze Desert Brown Topaz Gold Chrome)-Amazon_Orient,PRODUCT_Orient Electric Laurel 1200 MM Ceiling Fan (White Chrome )-Amazon_Orient,https://www.amazon.in/dp/B0BMLL6RYV,Fans,Ceiling,Amazon
PRODUCT_Orient Electric Laurel 1200 MM BEE Star Rated Ceiling Fan (Bronze Desert Brown Topaz Gold Chrome)-Amazon_Orient,PRODUCT_Orient Electric Laurel 1200 MM Ceiling Fan (Desert Brown)-Amazon_Orient,https://www.amazon.in/dp/B0BMLLRF6R,Fans,Ceiling,Amazon
PRODUCT_Orient Electric Oscillating Pedestal Fans Stand 82 400mm (Red Sky Blue)-Amazon_Orient,PRODUCT_Orient Electric Stand 82 400 MM (Red)-Amazon_Orient,https://www.amazon.in/dp/B0C7ZFKM1R,Fans,Pedestal,Amazon
PRODUCT_Orient Electric Oscillating Pedestal Fans Stand 82 400mm (Red Sky Blue)-Amazon_Orient,PRODUCT_Orient Electric Stand 82 400 MM (Sky Blue)-Amazon_Orient,https://www.amazon.in/dp/B01DLTW3LK,Fans,Pedestal,Amazon
PRODUCT_Orient Electric Pedestal Fan Tornado 450mm(Black Chrome)-Amazon_Orient,PRODUCT_Orient Electric Tornado Pedestal Fan 450 mm(Black)-Amazon_Orient,https://www.amazon.in/dp/B06Y16WKL4,Fans,Pedestal,Amazon
PRODUCT_Orient Electric Pedestal Fan Tornado 450mm(Black Chrome)-Amazon_Orient,PRODUCT_Orient Electric Tornado Pedestal Fan 450 mm(Chrome)-Amazon_Orient,https://www.amazon.in/dp/B0BD8RTB7M,Fans,Pedestal,Amazon
PRODUCT_Orient Electric Prime Apex BEE Star Rated Ceiling Fan 1200mm(Smoke Brown Brown Blue White)-Amazon_Orient,PRODUCT_Orient Electric Apex-FX Ceiling Fan 1200mm (BROWN)-Amazon_Orient,https://www.amazon.in/dp/B0BMVLRSN3,Fans,Ceiling,Amazon
PRODUCT_Orient Electric Prime Apex BEE Star Rated Ceiling Fan 1200mm(Smoke Brown Brown Blue White)-Amazon_Orient,PRODUCT_Orient Electric Apex-FX Ceiling Fan 1200mm(WHITE)-Amazon_Orient,https://www.amazon.in/dp/B0BMVHSWYQ,Fans,Ceiling,Amazon
PRODUCT_Orient Electric Prime Apex BEE Star Rated Ceiling Fan 1200mm(Smoke Brown Brown Blue White)-Amazon_Orient,PRODUCT_Orient Electric Apex-FX Ceiling Fan 1200mm(BLUE)-Amazon_Orient,https://www.amazon.in/dp/B0BMVG2CJK,Fans,Ceiling,Amazon
PRODUCT_Orient Electric Prime Apex BEE Star Rated Ceiling Fan 1200mm(Smoke Brown Brown Blue White)-Amazon_Orient,PRODUCT_Orient Electric Apex-FX Ceiling Fan 1200mm(SMOKE BROWN)-Amazon_Orient,https://www.amazon.in/dp/B0BMVLP6B1,Fans,Ceiling,Amazon
PRODUCT_Orient Electric Prime Apex BEE Star Rated Ceiling Fan 1200mm(Smoke Brown Brown Blue White)-Amazon_Orient,PRODUCT_Orient Electric Apex Prime 1200mm BEE Star Ceiling Fan (White)-Amazon_Orient,https://www.amazon.in/dp/B0BMVH2SXX,Fans,Ceiling,Amazon
PRODUCT_Orient Electric Prime Apex BEE Star Rated Ceiling Fan 1200mm(Smoke Brown Brown Blue White)-Amazon_Orient,PRODUCT_Orient Electric Apex Prime 1200mm BEE Star Ceiling Fan (Brown)-Amazon_Orient,https://www.amazon.in/dp/B0BMVJQZ7G,Fans,Ceiling,Amazon
PRODUCT_Orient Electric Smart Air 100 mm Ultra High Speed 9 Blade Exhaust Fan (White)-Flipkart_Orient,PRODUCT_Orient Electric Smart Air 100 mm Ultra High Speed 9 Blade Exhaust Fan (White)-Flipkart_Orient,https://www.flipkart.com/product/p/itm?pid=FANGGXY4HAX5NZJG,Fans,Exhaust,Flipkart
PRODUCT_Orient Electric Smart Air 150 Exhaust Fan Superior Aesthetic Appeal White-Amazon_Orient,"PRODUCT_Orient Electric Smart Air 150 Exhaust Fan for Kitchen, Bathroom, Cabins  White-Amazon_Orient",https://www.amazon.in/dp/B077BZQWZ2,Fans,Exhaust,Amazon
PRODUCT_Orient Electric Smart Air 150 mm 5 Blade Exhaust Fan White-Flipkart_Orient,PRODUCT_Orient Electric Smart Air 150 mm 5 Blade Exhaust Fan White-Flipkart_Orient,https://www.flipkart.com/product/p/itm?pid=FANF22XGAFZHVBDH,Fans,Exhaust,Flipkart
PRODUCT_Orient Electric Smart air 150 mm Ultra High Speed 9 Blade Exhaust Fan (White)-Flipkart_Orient,PRODUCT_Orient Electric smart air 150 mm Ultra High Speed 9 Blade Exhaust Fan (White)-Flipkart_Orient,https://www.flipkart.com/product/p/itm?pid=FANGGXY38X8K3Z2F,Fans,Exhaust,Flipkart
PRODUCT_Orient Electric Smart Air Neo 100 mm Ultra High Speed 9 Blade Exhaust Fan(White)-Flipkart_Orient,PRODUCT_Orient Electric Smart Air Neo 100 mm Ultra High Speed 9 Blade Exhaust Fan(White)-Flipkart_Orient,https://www.flipkart.com/product/p/itm?pid=FANGGXY4ZR3XHAUZ,Fans,Exhaust,Flipkart
PRODUCT_Orient Electric Smart Air Neo Ventilator Fan 150 mm 100 mm  (Glossy White) -Amazon_Orient,PRODUCT_Orient Electric 100 MM Smart Air Neo Ventilator Fan (Glossy White) -Amazon_Orient,https://www.amazon.in/dp/B0BHSN57WV,Fans,Exhaust,Amazon
PRODUCT_Orient Electric Smart Air Neo Ventilator Fan 150 mm 100 mm  (Glossy White) -Amazon_Orient,PRODUCT_Orient Electric 150 MM Smart Air Neo Ventilator Fan (Glossy White) -Amazon_Orient,https://www.amazon.in/dp/B0BHSQB92J,Fans,Exhaust,Amazon
PRODUCT_Orient Electric STAND 31 400 mm Anti Dust 3 Blade Pedestal Fan CRYSTAL White-Flipkart_Orient,PRODUCT_Orient Electric STAND 31 400 mm Anti Dust 3 Blade Pedestal Fan CRYSTAL White-Flipkart_Orient,https://www.flipkart.com/product/p/itm?pid=FANEFU53DHF3HZ9C,Fans,Pedestal,Flipkart
PRODUCT_Orient Electric Stand 32 Trendz Pedestal Fan 1330 RPM CT Technology Grey(Electric Blue Slate Grey)-Amazon_Orient,PRODUCT_Orient Electric Stand 32 Trendz Pedestal Fan (Electric Blue)-Amazon_Orient,https://www.amazon.in/dp/B08FS6XHWY,Fans,Pedestal,Amazon
PRODUCT_Orient Electric Stand 32 Trendz Pedestal Fan 1330 RPM CT Technology Grey(Electric Blue Slate Grey)-Amazon_Orient,PRODUCT_Orient Electric Stand 32 Trendz Pedestal Fan (Slate Grey)-Amazon_Orient,https://www.amazon.in/dp/B07QZGBXY1,Fans,Pedestal,Amazon
PRODUCT_Orient Electric Stand 82 400 mm 3 Blade Pedestal Fan Crystal white-Flipkart_Orient,PRODUCT_Orient Electric Stand 82 400 mm 3 Blade Pedestal Fan Crystal white-Flipkart_Orient,https://www.flipkart.com/product/p/itm?pid=FANEQEYD3ZTQ2HYZ,Fans,Pedestal,Flipkart
PRODUCT_Orient Electric Table 27 Trendz High Speed Table Fan 400mm(Slate Grey Electric Blue)-Amazon_Orient,PRODUCT_Orient Electric Table 27 Trendz 400mm High Speed Table Fan(Slate Grey)-Amazon_Orient,https://www.amazon.in/dp/B07R1MVVWL,Fans,Table,Amazon
PRODUCT_Orient Electric Table 27 Trendz High Speed Table Fan 400mm(Slate Grey Electric Blue)-Amazon_Orient,PRODUCT_Orient Electric Table 27 Trendz 400mm High Speed Table Fan(Electric Blue)-Amazon_Orient,https://www.amazon.in/dp/B08FS77ZMX,Fans,Table,Amazon
PRODUCT_Orient Electric Tome Plus and Smart BLDC 5 star Ceiling Fan 1200mm (Smoke Brown White Topaz Gold Brown)-Amazon_Orient,PRODUCT_Orient Electric 1200mm I Tome Plus BLDC BEE 5-star rated Ceiling Fan White -Amazon_Orient,https://www.amazon.in/dp/B0B3MZ8XMN,Fans,Ceiling,Amazon
PRODUCT_Orient Electric Tome Plus and Smart BLDC 5 star Ceiling Fan 1200mm (Smoke Brown White Topaz Gold Brown)-Amazon_Orient,PRODUCT_Orient Electric 1200mm I Tome Plus BLDC BEE 5-star rated Ceiling Fan Topaz Gold -Amazon_Orient,https://www.amazon.in/dp/B0B3N2P27V,Fans,Ceiling,Amazon
PRODUCT_Orient Electric Tome Plus and Smart BLDC 5 star Ceiling Fan 1200mm (Smoke Brown White Topaz Gold Brown)-Amazon_Orient,PRODUCT_Orient Electric 1200mm I Tome Plus BLDC BEE 5-star rated Ceiling Fan Brown -Amazon_Orient,https://www.amazon.in/dp/B0B3N2QHRX,Fans,Ceiling,Amazon
PRODUCT_Orient Electric Tome Plus and Smart BLDC 5 star Ceiling Fan 1200mm (Smoke Brown White Topaz Gold Brown)-Amazon_Orient,PRODUCT_Orient Electric 1200 mm I Tome Smart BLDC BEE 5-star rated Ceiling Fan Topaz Gold -Amazon_Orient,https://www.amazon.in/dp/B0B8J3G692,Fans,Ceiling,Amazon
PRODUCT_Orient Electric Tome Plus and Smart BLDC 5 star Ceiling Fan 1200mm (Smoke Brown White Topaz Gold Brown)-Amazon_Orient,PRODUCT_Orient Electric 1200 mm I Tome Smart BLDC BEE 5-star rated Ceiling Fan White -Amazon_Orient,https://www.amazon.in/dp/B0B8J349SJ,Fans,Ceiling,Amazon
PRODUCT_Orient Electric Tome Plus and Smart BLDC 5 star Ceiling Fan 1200mm (Smoke Brown White Topaz Gold Brown)-Amazon_Orient,PRODUCT_Orient Electric 1200 mm I Tome Smart BLDC BEE 5-star rated Ceiling Fan Smoke Brown -Amazon_Orient,https://www.amazon.in/dp/B0B8J7Z42S,Fans,Ceiling,Amazon
PRODUCT_Orient Electric Tome Plus and Smart BLDC 5 star Ceiling Fan 1200mm (Smoke Brown White Topaz Gold Brown)-Amazon_Orient,PRODUCT_Orient Electric 1200 mm I Tome Smart BLDC BEE 5-star rated Ceiling Fan Brown -Amazon_Orient,https://www.amazon.in/dp/B0B8J3WK2F,Fans,Ceiling,Amazon
PRODUCT_Orient Electric Ujala Air BEE Star Rated 1 Star 1200mm Ceiling Fan(Brown Soft Pearl White)-Flipkart_Orient,PRODUCT_Orient Electric Ujala Air BEE Star Rated 1200 mm 3 Blade Ceiling Fan(Brown)-Flipkart_Orient,https://www.flipkart.com/product/p/itm?pid=FANGJWN8HU3EB7ZX,Fans,Ceiling,Flipkart
PRODUCT_Orient Electric Ujala Air BEE Star Rated 1 Star 1200mm Ceiling Fan(Brown Soft Pearl White)-Flipkart_Orient,PRODUCT_Orient Electric Ujala Air BEE Star Rated 1200 mm 3 Blade Ceiling Fan (White)-Flipkart_Orient,https://www.flipkart.com/product/p/itm?pid=FANGJWN8DHU7JQZE,Fans,Ceiling,Flipkart
PRODUCT_Orient Electric Ujala Air BEE Star Rated 1 Star 1200mm Ceiling Fan(Brown Soft Pearl White)-Flipkart_Orient,PRODUCT_Orient Electric Ujala Air BEE Star Rated 1200 mm 3 Blade Ceiling Fan (Soft Pearl)-Flipkart_Orient,https://www.flipkart.com/product/p/itm?pid=FANGJWN86YHPZMKU,Fans,Ceiling,Flipkart
PRODUCT_Orient Electric Ujala Air Deco 1 Star 1200mm Ceiling Fan(Ivory White Silver Brown Bronze)-Amazon_Orient,PRODUCT_Orient Electric Pacific Air Decor 1200mm BEE Star Rated Ceiling Fan (Smoke Brown)-Amazon_Orient,https://www.amazon.in/dp/B0BMVFDLXH,Fans,Ceiling,Amazon
PRODUCT_Orient Electric Ujala Air Deco 1 Star 1200mm Ceiling Fan(Ivory White Silver Brown Bronze)-Amazon_Orient,PRODUCT_Orient Electric Pacific Air Decor 1200mm BEE Star Rated Ceiling Fan (White)-Amazon_Orient,https://www.amazon.in/dp/B0BMVF3GZJ,Fans,Ceiling,Amazon
PRODUCT_Orient Electric Ujala Air Deco 1 Star 1200mm Ceiling Fan(Ivory White Silver Brown Bronze)-Amazon_Orient,PRODUCT_Orient Electric Pacific Air Decor BEE Star Rated Ceiling Fan1200mm (Ivory Gold)-Amazon_Orient,https://www.amazon.in/dp/B0BMVFYDS3,Fans,Ceiling,Amazon
PRODUCT_Orient Electric Ujala Air Deco 1 Star 1200mm Ceiling Fan(Ivory White Silver Brown Bronze)-Flipkart_Orient,PRODUCT_Orient Electric Ujala Air Deco 1 Star 1200 mm 3 Blade Ceiling Fan (Ivory)-Flipkart_Orient,https://www.flipkart.com/product/p/itm?pid=FANGJWN8FY3GTCAR,Fans,Ceiling,Flipkart
PRODUCT_Orient Electric Ujala Air Deco 1 Star 1200mm Ceiling Fan(Ivory White Silver Brown Bronze)-Flipkart_Orient,PRODUCT_Orient Electric Ujala Air Deco 1200 mm 3 Blade Ceiling Fan (Smoke Brown Bronze)-Flipkart_Orient,https://www.flipkart.com/product/p/itm?pid=FANGJWN8MF9QGHV4,Fans,Ceiling,Flipkart
PRODUCT_Orient Electric Ujala Air Deco 1 Star 1200mm Ceiling Fan(Ivory White Silver Brown Bronze)-Flipkart_Orient,PRODUCT_Orient Electric Ujala Air Deco 1 Star 1200 mm 3 Blade Ceiling Fan (White Silver)-Flipkart_Orient,https://www.flipkart.com/product/p/itm?pid=FANGJWNBWWDUSX44,Fans,Ceiling,Flipkart
PRODUCT_Orient Electric Ujala Prime BEE and BLDC 5 Star Rated 1200mm Ceiling Fan(Brown White)-Flipkart_Orient,PRODUCT_Orient Electric Ujala Prime BEE Star Rated 1200 mm 3 Blade Ceiling Fan (Brown)-Flipkart_Orient,https://www.flipkart.com/product/p/itm?pid=FANGJWNBDEWGSDHY,Fans,Ceiling,Flipkart
PRODUCT_Orient Electric Ujala Prime BEE and BLDC 5 Star Rated 1200mm Ceiling Fan(Brown White)-Flipkart_Orient,PRODUCT_Orient Electric Ujala Prime BEE Star Rated 1200 mm 3 Blade Ceiling Fan (White)-Flipkart_Orient,https://www.flipkart.com/product/p/itm?pid=FANGJWNBCFHGND89,Fans,Ceiling,Flipkart
PRODUCT_Orient Electric Ujala Prime BEE and BLDC 5 Star Rated 1200mm Ceiling Fan(Brown White)-Flipkart_Orient,PRODUCT_Orient Electric Ujala Prime 5 Star 1200 mm BLDC Motor with Remote 3 Blade Ceiling Fan(Brown)-Flipkart_Orient,https://www.flipkart.com/product/p/itm?pid=FANGTBF8GNTGAZQK,Fans,Ceiling,Flipkart
PRODUCT_Orient Electric Ujala Prime BEE and BLDC 5 Star Rated 1200mm Ceiling Fan(Brown White)-Flipkart_Orient,PRODUCT_Orient Electric Ujala Prime 5 Star 1200 mm BLDC Motor with Remote 3 Blade Ceiling Fan(White)-Flipkart_Orient,https://www.flipkart.com/product/p/itm?pid=FANGTBF8Z2DBZZHR,Fans,Ceiling,Flipkart
PRODUCT_Orient Electric VENTILATOR DX 200 mm Exhaust Fan White-Flipkart_Orient,PRODUCT_Orient Electric VENTILATOR DX 200 mm Exhaust Fan White-Flipkart_Orient,https://www.flipkart.com/product/p/itm?pid=EXFFZTTRTC8QUS7F,Fans,Exhaust,Flipkart
PRODUCT_Orient Electric Ventilator Dx 200mm Fan (White Ivory)-Amazon_Orient,PRODUCT_Orient Electric Ventilator Dx 200mm Fan(White)(Ivory)-Amazon_Orient,https://www.amazon.in/dp/B08FDZK7FC,Fans,Exhaust,Amazon
PRODUCT_Orient Electric Ventilator Dx 200mm Fan (White Ivory)-Amazon_Orient,PRODUCT_Orient Electric Ventilator Dx 200mm Fan(White)(White)-Amazon_Orient,https://www.amazon.in/dp/B01AT95TJS,Fans,Exhaust,Amazon
PRODUCT_Orient Electric Ventilator Dx 250mm Electric Exhaust Fan White-Amazon_Orient,PRODUCT_Orient Electric Ventilator Dx 250mm Electric Exhaust Fan White-Amazon_Orient,https://www.amazon.in/dp/B01M02GNG4,Fans,Exhaust,Amazon
PRODUCT_Orient Electric Wall Fan 44 16 Inch White-Amazon_Orient,PRODUCT_Orient Electric Wall Fan 44 16 Inch White-Amazon_Orient,https://www.amazon.in/dp/B00KPWQXAO,Fans,Wall,Amazon
PRODUCT_Orient Electric Wall Fan 44 Trendz Fan(Electric Blue Slate Grey)-Amazon_Orient,PRODUCT_Orient Electric Wall Fan 44 Trendz Fan Electric Blue-Amazon_Orient,https://www.amazon.in/dp/B08FS737M1,Fans,Wall,Amazon
PRODUCT_Orient Electric Wall Fan 44 Trendz Fan(Electric Blue Slate Grey)-Amazon_Orient,PRODUCT_Orient Electric Wall Fan 44 Trendz Fan Slate Grey-Amazon_Orient,https://www.amazon.in/dp/B07QV8MNRF,Fans,Wall,Amazon
PRODUCT_Orient Electric Wall Fan 48 Superior Air Delivery Revolutionary CTX Technology Crystal White-Amazon_Orient,PRODUCT_Orient Electric Wall Fan 48 Superior Air Delivery Revolutionary CTX Technology Crystal White-Amazon_Orient,https://www.amazon.in/dp/B017A34ZKA,Fans,Wall,Amazon
PRODUCT_Orient Electric Wall Fan 49 Remote Touch Control Panel Crystal White-Amazon_Orient,PRODUCT_Orient Electric Wall Fan 49 Remote Touch Control Panel Crystal White-Amazon_Orient,https://www.amazon.in/dp/B01DLTWNTM,Fans,Wall,Amazon
PRODUCT_Orient Electric Wendy 1200mm BEE Star Ceiling Fan(Blue Pearl White Topaz Black Gold)-Amazon_Orient,PRODUCT_Orient Electric Wendy 1200mm BEE Star Rated Ceiling Fan (Azure Blue)-Amazon_Orient,https://www.amazon.in/dp/B0BN8WKC1G,Fans,Ceiling,Amazon
PRODUCT_Orient Electric Wendy 1200mm BEE Star Ceiling Fan(Blue Pearl White Topaz Black Gold)-Amazon_Orient,PRODUCT_Orient Electric Wendy 1200mm BEE Star Rated Ceiling Fan (Topaz Gold)-Amazon_Orient,https://www.amazon.in/dp/B0BN8GW28Y,Fans,Ceiling,Amazon
PRODUCT_Orient Electric Wendy 1200mm BEE Star Ceiling Fan(Blue Pearl White Topaz Black Gold)-Amazon_Orient,PRODUCT_Orient Electric Wendy 1200mm BEE Star Rated Ceiling Fan (Black Gold)-Amazon_Orient,https://www.amazon.in/dp/B0BN8K1QWB,Fans,Ceiling,Amazon
PRODUCT_Orient Electric Wendy 1200mm BEE Star Ceiling Fan(Blue Pearl White Topaz Black Gold)-Amazon_Orient,PRODUCT_Orient Electric Wendy 1200mm BEE Star Rated Ceiling Fan (Pearl White Walnut)-Amazon_Orient,https://www.amazon.in/dp/B0BN8H6LP8,Fans,Ceiling,Amazon
PRODUCT_Orient Electric Wendy BLDC 1 5 Star 1200mm Ceiling Fan(BlueSilver BlackGold Topaz Brown Walnut)-Flipkart_Orient,PRODUCT_Orient Electric Wendy 1 Star 1200 mm 3 Blade Ceiling Fan (Blue Silver)-Flipkart_Orient,https://www.flipkart.com/product/p/itm?pid=FANGJWN8BHFUKCAE,Fans,Ceiling,Flipkart
PRODUCT_Orient Electric Wendy BLDC 1 5 Star 1200mm Ceiling Fan(BlueSilver BlackGold Topaz Brown Walnut)-Flipkart_Orient,PRODUCT_Orient Electric Wendy 1 Star 1200 mm 3 Blade Ceiling Fan (Topaz Gold)-Flipkart_Orient,https://www.flipkart.com/product/p/itm?pid=FANGJWN8EZKZYSBG,Fans,Ceiling,Flipkart
PRODUCT_Orient Electric Wendy BLDC 1 5 Star 1200mm Ceiling Fan(BlueSilver BlackGold Topaz Brown Walnut)-Flipkart_Orient,PRODUCT_Orient Electric Wendy 1 Star 1200 mm 3 Blade Ceiling Fan (Walnut)-Flipkart_Orient,https://www.flipkart.com/product/p/itm?pid=FANGJWN8RXWMKSDK,Fans,Ceiling,Flipkart
PRODUCT_Orient Electric Wendy BLDC 1 5 Star 1200mm Ceiling Fan(BlueSilver BlackGold Topaz Brown Walnut)-Flipkart_Orient,PRODUCT_Orient Electric Wendy 1 Star 1200 mm 3 Blade Ceiling Fan (Black Gold)-Flipkart_Orient,https://www.flipkart.com/product/p/itm?pid=FANGJWN8S6JPRHFG,Fans,Ceiling,Flipkart
PRODUCT_Orient Electric Wendy BLDC 1 5 Star 1200mm Ceiling Fan(BlueSilver BlackGold Topaz Brown Walnut)-Flipkart_Orient,PRODUCT_Orient Electric Wendy BLDC 5 Star 1200 mm Ceiling Fan (Azure Blue)-Flipkart_Orient,https://www.flipkart.com/product/p/itm?pid=FANGZJCDBG7XF2YQ,Fans,Ceiling,Flipkart
PRODUCT_Orient Electric Wendy BLDC 1 5 Star 1200mm Ceiling Fan(BlueSilver BlackGold Topaz Brown Walnut)-Flipkart_Orient,PRODUCT_Orient Electric Wendy BLDC 5 Star 1200 mm Ceiling Fan (Topaz Gold Brown)-Flipkart_Orient,https://www.flipkart.com/product/p/itm?pid=FANGZJCDDNDBYHYR,Fans,Ceiling,Flipkart
PRODUCT_Orient Electric Wendy BLDC 1 5 Star 1200mm Ceiling Fan(BlueSilver BlackGold Topaz Brown Walnut)-Flipkart_Orient,PRODUCT_Orient Electric 1200 mm BLDC Motor Ceiling Fan (White Walnut)-Flipkart_Orient,https://www.flipkart.com/product/p/itm?pid=FANGZJCDHTTXGDNC,Fans,Ceiling,Flipkart
PRODUCT_Orient Electric 12W Emergency Rechargeable LED Bulb 6500K Cool White-Amazon_Orient,PRODUCT_Orient Electric 12W Emergency Rechargeable LED Bulb 6500K Cool White-Amazon_Orient,https://www.amazon.in/dp/B09X75ZYS5,Lighting,Light,Amazon
PRODUCT_Orient Electric 12W High Glow LED Bulb 6500K Cool White-Amazon_Orient,PRODUCT_Orient Electric 12W High Glow LED Bulb 6500K Cool White-Amazon_Orient,https://www.amazon.in/dp/B0CH5CBM41,Lighting,Light,Amazon
PRODUCT_Orient Electric 20W Mood light LED batten 2000 lumen light output Three color-Amazon_Orient,PRODUCT_Orient Electric 20W Mood light LED batten 2000 lumen light output Three color-Amazon_Orient,https://www.amazon.in/dp/B0CH6DCPKC,Lighting,Light,Amazon
PRODUCT_Orient Electric 3 in 1 Recessed LED Panel Light Mood Light 12W 130mm White-Amazon_Orient,PRODUCT_Orient Electric 3 in 1 Recessed LED Panel Light Mood Light 12W 130mm White-Amazon_Orient,https://www.amazon.in/dp/B0CH5B7DYV,Lighting,Light,Amazon
PRODUCT_Orient Electric 9W High Glo LED bulb 3000K-Amazon_Orient,PRODUCT_Orient Electric 9W High Glo LED bulb 3000K-Amazon_Orient,https://www.amazon.in/dp/B0CH5CNCP4,Lighting,Light,Amazon
PRODUCT_Orient Electric 9W High Glow LED Bulb 180 degree wide beam angle 4 kV 6500K White-Amazon_Orient,PRODUCT_Orient Electric 9W LED Bulb 180 degree wide beam angle 4 kV 6500K White-Amazon_Orient,https://www.amazon.in/dp/B0CH5D4WTG,Lighting,Light,Amazon
PRODUCT_Orient Electric Durahot Electric Kettle 1.5 L Black-Flipkart_Orient,PRODUCT_Orient Electric Durahot Electric Kettle 1.5 L Black-Flipkart_Orient,https://www.flipkart.com/product/p/itm?pid=EKTGSD8W8MYM8GGF,Lighting,Light,Flipkart
PRODUCT_Orient Electric Electric 25W Grace Delite LED Batten 2500 lumens Bright LED tubelight Three Color-Amazon_Orient,PRODUCT_Orient Electric 25W Grace Delite LED Batten 2500 lumens Bright LED tubelight Three Color-Amazon_Orient,https://www.amazon.in/dp/B0CH6BG7MK,Lighting,Light,Amazon
PRODUCT_Orient Electric Full Screen 12W Rimless LED Surface Panel Light Cool White-Amazon_Orient,PRODUCT_Orient Electric Full Screen 12W Rimless LED Surface Panel Light Cool White-Amazon_Orient,https://www.amazon.in/dp/B0CH68DKPK,Lighting,Light,Amazon
PRODUCT_Orient Electric Grace Pro 20W LED Batten 2000 lumens Bright Light Three Color-Amazon_Orient,PRODUCT_Orient Electric Grace Pro 20W LED Batten 2000 lumens Bright Light Three Color-Amazon_Orient,https://www.amazon.in/dp/B0CHYRL1NR,Lighting,Light,Amazon
PRODUCT_Orient Electric High Glo LED Bulb 15W Cool white light 6500K B22d-Amazon_Orient,PRODUCT_Orient Electric High Glo LED Bulb 15W Cool white light 6500K B22d-Amazon_Orient,https://www.amazon.in/dp/B0BDV88F42,Lighting,Light,Amazon
PRODUCT_Orient Electric LED Bulb Surface Panel 65K 12W 1000 Lumens Surge Protection-Amazon_Orient,PRODUCT_Orient Electric LED Bulb Surface Panel 65K 12W 1000 Lumens Surge Protection-Amazon_Orient,https://www.amazon.in/dp/B0CJ5K6WNM,Lighting,Light,Amazon
PRODUCT_Orient Electric Moonlite 6W LED Down Light Recessed Ceiling LED Light Cool White-Amazon_Orient,PRODUCT_Orient Electric Moonlite 6W LED Down Light Recessed Ceiling LED Light Cool White-Amazon_Orient,https://www.amazon.in/dp/B0CH6BVFQG,Lighting,Light,Amazon
PRODUCT_Orient Electric Moonlite 9W LED Down Light 3 inch Recessed Ceiling LED Light Cool White-Amazon_Orient,PRODUCT_Orient Electric Moonlite 9W LED Down Light 3 inch Recessed Ceiling LED Light Cool White-Amazon_Orient,https://www.amazon.in/dp/B0CH68DQ8K,Lighting,Light,Amazon
PRODUCT_Orient Electric Motion Sensor Downlight 12W LED Bulb 70mm 1000 Lumens-Amazon_Orient,PRODUCT_Orient Electric Motion Sensor Downlight 12W LED Bulb 70mm 1000 Lumens-Amazon_Orient,https://www.amazon.in/dp/B0CJ5K4HK1,Lighting,Light,Amazon
PRODUCT_Orient Electric Motion Sensor LED Bulb 12W Radar Based led Light White-Amazon_Orient,PRODUCT_Orient Electric Motion Sensor LED Bulb 12W Radar Based led Light White-Amazon_Orient,https://www.amazon.in/dp/B0CH5BXDJ6,Lighting,Light,Amazon
PRODUCT_Orient Electric Multipurpose LED Bulb 15W multi wattage led light 6500K B22d cap White-Amazon_Orient,PRODUCT_Orient Electric Multipurpose LED Bulb 15W multi wattage led light 6500K B22d cap White-Amazon_Orient,https://www.amazon.in/dp/B09X76PYZN,Lighting,Light,Amazon
PRODUCT_Orient Electric Multipurpose LED Bulb 9W to 0.5W 6500K Cool White-Amazon_Orient,PRODUCT_Orient Electric Multipurpose LED Bulb 9W to 0.5W 6500K Cool White-Amazon_Orient,https://www.amazon.in/dp/B0CJ5G9PZP,Lighting,Light,Amazon
